"CITY_ID","PROVINCE_ID","CITY_NAME","IS_DELETED"
844,147,"Kampung Jawa Baru",0
845,147,"Babussalam",0
846,147,"Kualasimpang",0
847,147,"Karang Anyar",0
848,147,"Paya",0
849,147,"Bireun",0
850,147,"Bayu",0
851,147,"Simpang",0
852,147,"Alur Selebu",0
853,147,"Tunggal",0
854,147,"Blang Cut",0
855,147,"Beuringen",0
856,147,"Pasarbengkel",0
857,147,"Sigli",0
858,147,"Lhokseumawe",0
859,147,"Tanjung Balai",0
860,147,"Kisaran Timur",0
861,147,"Pasir",0
862,147,"Pondok",0
863,147,"Alue Cekdoi",0
864,147,"Kuala",0
865,147,"Bunga Tanjung",0
866,147,"Alue Dua",0
867,147,"Blok Sawah",0
868,147,"Padang Panjang",0
869,147,"Langsa",0
870,147,"Tanjung Karang",0
871,147,"Takengon",0
872,147,"Tamiang",0
873,147,"Meulaboh",0
874,147,"Bireuen",0
875,147,"Jawa",0
876,147,"Banda",0
877,147,"Raya",0
878,147,"Kong",0
879,147,"User",0
880,147,"Banda Aceh",0
881,147,"Padang Panjang",0
882,147,"Langsa",0
883,147,"Tanjung Karang",0
884,147,"Takengon",0
885,147,"Tamiang",0
886,147,"Meulaboh",0
887,147,"Bireuen",0
888,147,"Jawa",0
889,147,"Banda",0
890,147,"Raya",0
891,147,"Kong",0
892,147,"User",0
893,148,"Kedewatan",0
894,148,"Tanjung",0
895,148,"Karangasem",0
896,148,"Bondalem",0
897,148,"Abang",0
898,148,"Kecamatan Buleleng",0
899,148,"Jembrana Subdistrict",0
900,148,"Padangsambian",0
901,148,"Banjar Asem",0
902,148,"Pecatu",0
903,148,"Abianbase",0
904,148,"Kelod",0
905,148,"Ambengan",0
906,148,"Peken",0
907,148,"Kedunganan",0
908,148,"Kaja",0
909,148,"Amlapura",0
910,148,"Kintamani",0
911,148,"Penatih",0
912,148,"Semarapura",0
913,148,"Sanur",0
914,148,"Jembrana",0
915,148,"Kerobokan",0
916,148,"Bangli",0
917,148,"Ubud",0
918,148,"Buleleng",0
919,148,"Canggu",0
920,148,"Badung",0
921,148,"Klungkung",0
922,148,"Nusa Dua",0
923,148,"Tabanan",0
924,148,"Singaraja",0
925,148,"Seminyak",0
926,148,"Negara",0
927,148,"Gianyar",0
928,148,"Denpasar",0
929,148,"Semarapura",0
930,148,"Sanur",0
931,148,"Jembrana",0
932,148,"Kerobokan",0
933,148,"Bangli",0
934,148,"Ubud",0
935,148,"Buleleng",0
936,148,"Canggu",0
937,148,"Klungkung",0
938,148,"Nusa Dua",0
939,148,"Tabanan",0
940,148,"Singaraja",0
941,148,"Seminyak",0
942,148,"Negara",0
943,148,"Gianyar",0
944,149,"Cilandak",0
945,149,"Ciwedus",0
946,149,"Cibeber",0
947,149,"Koang",0
948,149,"Tebet",0
949,149,"Buntu",0
950,149,"Telaga Satu",0
951,149,"Cijoro",0
952,149,"Sukamara",0
953,149,"Ancol",0
954,149,"Handiwung",0
955,149,"Sukajadi",0
956,149,"Jombang Wetan",0
957,149,"Tangerang",0
958,149,"Bojongloa",0
959,149,"Pasir",0
960,149,"Kramatwatu",0
961,149,"Cireundeu",0
962,149,"Cikupa",0
963,149,"Kujangsari",0
964,149,"Pisangan Timur",0
965,149,"Baratjaya",0
966,149,"Nusa",0
967,149,"Darmaga",0
968,149,"Cileduk",0
969,149,"Soyog",0
970,149,"Pandeglang",0
971,149,"Rangkasbitung",0
972,149,"Teluk",0
973,149,"Curug",0
974,149,"Sejahtera",0
975,149,"Cakung",0
976,149,"Perdana",0
977,149,"Cibubur",0
978,149,"Serang",0
979,149,"Cilegon",0
980,149,"Nusa",0
981,149,"Darmaga",0
982,149,"Cileduk",0
983,149,"Soyog",0
984,149,"Pandeglang",0
985,149,"Teluk",0
986,149,"Curug",0
987,149,"Sejahtera",0
988,149,"Cakung",0
989,149,"Perdana",0
990,149,"Serang",0
991,149,"Cilegon",0
992,150,"Argamakmur",0
993,150,"Kepahiang",0
994,150,"Manna",0
995,150,"Mukomuko",0
996,150,"Bengkulu",0
997,150,"Manna",0
998,150,"Mukomuko",0
999,151,"Banjardowo",0
1000,151,"Gilingan",0
1001,151,"Banteran",0
1002,151,"Babalan",0
1003,151,"Balun",0
1004,151,"Purwodinatan",0
1005,151,"Kedu",0
1006,151,"Banyu",0
1007,151,"Kedungsari",0
1008,151,"Girirejo",0
1009,151,"Mlati Kidul",0
1010,151,"Argopeni",0
1011,151,"Kati",0
1012,151,"Candi",0
1013,151,"Kandri",0
1014,151,"Baseh",0
1015,151,"Bagusan",0
1016,151,"Pudakpayung",0
1017,151,"Panjang",0
1018,151,"Majenang",0
1019,151,"Plangitan",0
1020,151,"Aribaya",0
1021,151,"Bojong",0
1022,151,"Ayamalas",0
1023,151,"Lasem",0
1024,151,"Banyumanik",0
1025,151,"Balamoa",0
1026,151,"Brenggong Lor",0
1027,151,"Andongrejo",0
1028,151,"Bode",0
1029,151,"Bulukerto",0
1030,151,"Gendoh",0
1031,151,"Bongsari",0
1032,151,"Ledok Kulon",0
1033,151,"Karang",0
1034,151,"Bobosan",0
1035,151,"Kartasura",0
1036,151,"Dibal",0
1037,151,"Tirto",0
1038,151,"Kalilandak",0
1039,151,"Dawungan",0
1040,151,"Baledu",0
1041,151,"Bakah",0
1042,151,"Bandarjo",0
1043,151,"Bandung Kidul",0
1044,151,"Dekoro",0
1045,151,"Cangakan",0
1046,151,"Plamongan",0
1047,151,"Semanggi",0
1048,151,"Kauman",0
1049,151,"Baleagung",0
1050,151,"Pakuncen",0
1051,151,"Keprabon",0
1052,151,"Kalimantan",0
1053,151,"Medono",0
1054,151,"Banyuadem",0
1055,151,"Cacaban",0
1056,151,"Bangunjaya",0
1057,151,"Adisana",0
1058,151,"Gajah",0
1059,151,"Gundil",0
1060,151,"Karangturi",0
1061,151,"Babad",0
1062,151,"Muntilan",0
1063,151,"Purbalingga Kulon",0
1064,151,"Manggung",0
1065,151,"Jamban",0
1066,151,"Kuningan",0
1067,151,"Banjar",0
1068,151,"Genting",0
1069,151,"Banyubiru",0
1070,151,"Karangmangu",0
1071,151,"Kranggan",0
1072,151,"Bojonegara",0
1073,151,"Jatisari",0
1074,151,"Rembangan",0
1075,151,"Kebon",0
1076,151,"Dapurno",0
1077,151,"Banjarsari",0
1078,151,"Ambarawa",0
1079,151,"Kedungwuluh",0
1080,151,"Cibodas",0
1081,151,"Banjarejo",0
1082,151,"Buntu",0
1083,151,"Batang",0
1084,151,"Bakalan",0
1085,151,"Dukuh",0
1086,151,"Babakan",0
1087,151,"Gunung",0
1088,151,"Candinata",0
1089,151,"Solo Baru",0
1090,151,"Mijen",0
1091,151,"Guwosari",0
1092,151,"Weleri",0
1093,151,"Comal",0
1094,151,"Bringin",0
1095,151,"Cipete",0
1096,151,"Bulurejo",0
1097,151,"Buniayu",0
1098,151,"Sawahbesar",0
1099,151,"Slawi",0
1100,151,"Sokaraja",0
1101,151,"Cabeyan",0
1102,151,"Bantir",0
1103,151,"Belitung",0
1104,151,"Blorong",0
1105,151,"Bero",0
1106,151,"Umbulharjo",0
1107,151,"Malang",0
1108,151,"Penggaron-lor",0
1109,151,"Banyuurip",0
1110,151,"Kemuning",0
1111,151,"Kudu",0
1112,151,"Bandung",0
1113,151,"Bangun",0
1114,151,"Purwosari",0
1115,151,"Gunungkidul",0
1116,151,"Catur",0
1117,151,"Bergas-kidul",0
1118,151,"Andongsili",0
1119,151,"Banyuroto",0
1120,151,"Bologarang",0
1121,151,"Gajahan",0
1122,151,"Lebak",0
1123,151,"Bangkong",0
1124,151,"Kidul",0
1125,151,"Sedayu",0
1126,151,"Gayam",0
1127,151,"Cepoko",0
1128,151,"Bekonang",0
1129,151,"Jagalan",0
1130,151,"Bendungan",0
1131,151,"Balongmulyo",0
1132,151,"Bandungrejo",0
1133,151,"Danaraja",0
1134,151,"Pegulon",0
1135,151,"Bantarsoka",0
1136,151,"Tawangmas",0
1137,151,"Manyaran",0
1138,151,"Petompon",0
1139,151,"Kaligesing",0
1140,151,"Kalirejo",0
1141,151,"Gowongan",0
1142,151,"Bancak",0
1143,151,"Manis",0
1144,151,"Ngesrep",0
1145,151,"Candirejo",0
1146,151,"Dawung",0
1147,151,"Kemiri",0
1148,151,"Nambangan Kidul",0
1149,151,"Bangunharjo",0
1150,151,"Baturono",0
1151,151,"Mojosongo",0
1152,151,"Bener",0
1153,151,"Tambakaji",0
1154,151,"Penawangan",0
1155,151,"Bojongsalaman",0
1156,151,"Katonsari",0
1157,151,"Brajan",0
1158,151,"Asinan",0
1159,151,"Manahan",0
1160,151,"Bugelan",0
1161,151,"Balapulang",0
1162,151,"Kajeksan",0
1163,151,"Beku",0
1164,151,"Barukan",0
1165,151,"Jatingaleh",0
1166,151,"Cekel",0
1167,151,"Bulu",0
1168,151,"Banyuputih",0
1169,151,"Mangunharjo",0
1170,151,"Trimulyo",0
1171,151,"Purwoyoso",0
1172,151,"Bubakan",0
1173,151,"Kramas",0
1174,151,"Kadipiro",0
1175,151,"Karangwaru",0
1176,151,"Bacem",0
1177,151,"Kalibanteng Kidul",0
1178,151,"Nusukan",0
1179,151,"Donoharjo",0
1180,151,"Burikan",0
1181,151,"Kartoharjo",0
1182,151,"Ajibarang",0
1183,151,"Berkoh",0
1184,151,"Giritirto",0
1185,151,"Kudaile",0
1186,151,"Bumi",0
1187,151,"Banjaranyar",0
1188,151,"Malangjiwan",0
1189,151,"Bandunggede",0
1190,151,"Jambu",0
1191,151,"Gisikdrono",0
1192,151,"Bawang",0
1193,151,"Batur",0
1194,151,"Bumen",0
1195,151,"Tinjomoyo",0
1196,151,"Mojayan",0
1197,151,"Pelutan",0
1198,151,"Blotongan",0
1199,151,"Pleburan",0
1200,151,"Andong",0
1201,151,"Kampung",0
1202,151,"Pedalangan",0
1203,151,"Bagelen",0
1204,151,"Kejiwan",0
1205,151,"Banjiran",0
1206,151,"Karangtengah",0
1207,151,"Bongsri",0
1208,151,"Kalicari",0
1209,151,"Tlogosari",0
1210,151,"Kebulen",0
1211,151,"Kamal",0
1212,151,"Bandingan",0
1213,151,"Gogik",0
1214,151,"Bligo",0
1215,151,"Deras",0
1216,151,"Purwo",0
1217,151,"Sokanegara",0
1218,151,"Banaran",0
1219,151,"Poncosari",0
1220,151,"Curugsewu",0
1221,151,"Sitimulyo",0
1222,151,"Cepu",0
1223,151,"Bungokrajan",0
1224,151,"Kutoarjo",0
1225,151,"Banguntapan",0
1226,151,"Jimbaran",0
1227,151,"Wonogiri",0
1228,151,"Boyolali",0
1229,151,"Sukoharjo",0
1230,151,"Wonosobo",0
1231,151,"Kebumen",0
1232,151,"Purwodadi Grobogan",0
1233,151,"Duren",0
1234,151,"Menteng",0
1235,151,"Blora",0
1236,151,"Pati",0
1237,151,"Pekalongan",0
1238,151,"Cilacap",0
1239,151,"Salatiga",0
1240,151,"Ungaran",0
1241,151,"Purbalingga",0
1242,151,"Tegal",0
1243,151,"Brebes",0
1244,151,"Banyumas",0
1245,151,"Temanggung",0
1246,151,"Grobogan",0
1247,151,"Demak",0
1248,151,"Kuta",0
1249,151,"Kulon",0
1250,151,"Purworejo",0
1251,151,"Magelang",0
1252,151,"Jepara",0
1253,151,"Klaten",0
1254,151,"Semarang",0
1255,151,"Kendal",0
1256,151,"Karanganyar",0
1257,151,"Kudus",0
1258,151,"Purwokerto",0
1259,151,"Sragen",0
1260,151,"Banjarnegara",0
1261,151,"Pemalang",0
1262,151,"Surakarta",0
1263,152,"Layana",0
1264,152,"Baru",0
1265,152,"Donggala",0
1266,152,"Luwuk",0
1267,152,"Talise",0
1268,152,"Poso",0
1269,152,"Bangga",0
1270,152,"Lasoani",0
1271,152,"Kabonena",0
1272,152,"Mamboro",0
1273,152,"Palu",0
1274,153,"Yogyakarta",0
1275,154,"Jakarta",0
1276,155,"Bodag",0
1277,155,"Candipuro",0
1278,155,"Pedurungan",0
1279,155,"Bakung",0
1280,155,"Tasikmadu",0
1281,155,"Ketabang",0
1282,155,"Sempu",0
1283,155,"Pekalongan",0
1284,155,"Karangpilang",0
1285,155,"Bader",0
1286,155,"Balongbendo",0
1287,155,"Kembangbilo",0
1288,155,"Paiton",0
1289,155,"Pasirian",0
1290,155,"Perak Timur",0
1291,155,"Broto",0
1292,155,"Darungan",0
1293,155,"Lirboyo",0
1294,155,"Kutisari",0
1295,155,"Krian",0
1296,155,"Madiun Lor",0
1297,155,"Belotan",0
1298,155,"Bambe",0
1299,155,"Banaran",0
1300,155,"Besowo",0
1301,155,"Surodakan",0
1302,155,"Klakah",0
1303,155,"Balongmojo",0
1304,155,"Sumbergedong",0
1305,155,"Legian",0
1306,155,"Gambiran Satu",0
1307,155,"Argomulyo",0
1308,155,"Semampir",0
1309,155,"Jelbuk",0
1310,155,"Banjarwaru",0
1311,155,"Ketindan Timur",0
1312,155,"Donan",0
1313,155,"Kemuning",0
1314,155,"Mangunsari",0
1315,155,"Besuki",0
1316,155,"Gowa",0
1317,155,"Kertosono",0
1318,155,"Asempapak",0
1319,155,"Gading",0
1320,155,"Dahanrejo Lor",0
1321,155,"Dander",0
1322,155,"Gadingrejo",0
1323,155,"Gandekan",0
1324,155,"Babakbawo",0
1325,155,"Bangsri",0
1326,155,"Ambulu",0
1327,155,"Gendol",0
1328,155,"Purwatama",0
1329,155,"Jabon",0
1330,155,"Ajung",0
1331,155,"Wonosari",0
1332,155,"Cerme",0
1333,155,"Bangkok",0
1334,155,"Grati",0
1335,155,"Bandarasri",0
1336,155,"Ketanon",0
1337,155,"Candipari",0
1338,155,"Bedoho",0
1339,155,"Gedangsewu",0
1340,155,"Bandung",0
1341,155,"Kalisari",0
1342,155,"Junrejo",0
1343,155,"Jambangan",0
1344,155,"Kanigoro",0
1345,155,"Bangunasri",0
1346,155,"Magersari",0
1347,155,"Ngantru",0
1348,155,"Jati",0
1349,155,"Arosbaya",0
1350,155,"Banjarsawah",0
1351,155,"Krembangan",0
1352,155,"Awang-awang",0
1353,155,"Tambakrejo",0
1354,155,"Nambangan",0
1355,155,"Balongmasin",0
1356,155,"Balesono",0
1357,155,"Balongwono",0
1358,155,"Kesatrian",0
1359,155,"Bangsongan",0
1360,155,"Menanggal",0
1361,155,"Gulun",0
1362,155,"Bagelenan",0
1363,155,"Kedungwaru",0
1364,155,"Balongtani",0
1365,155,"Margorejo",0
1366,155,"Bulu",0
1367,155,"Pandaan",0
1368,155,"Bence",0
1369,155,"Celep",0
1370,155,"Puluh",0
1371,155,"Dukuh",0
1372,155,"Suko",0
1373,155,"Ngaglik",0
1374,155,"Banyutengah",0
1375,155,"Sampang",0
1376,155,"Baratan",0
1377,155,"Triwung",0
1378,155,"Karangrejo",0
1379,155,"Dermosari",0
1380,155,"Panji",0
1381,155,"Tembokdukuh",0
1382,155,"Demangan",0
1383,155,"Jetak",0
1384,155,"Sisir",0
1385,155,"Sawunggaling",0
1386,155,"Babatan",0
1387,155,"Beru",0
1388,155,"Asemrowo",0
1389,155,"Karangsari",0
1390,155,"Bunulrejo",0
1391,155,"Bancangan",0
1392,155,"Gayam",0
1393,155,"Jagir",0
1394,155,"Sukoharjo",0
1395,155,"Karangpoh",0
1396,155,"Arjosari",0
1397,155,"Wiyung",0
1398,155,"Utara",0
1399,155,"Bangah",0
1400,155,"Kandangan",0
1401,155,"Sumbersari",0
1402,155,"Tanah",0
1403,155,"Indragiri",0
1404,155,"Jepara",0
1405,155,"Pakis",0
1406,155,"Bulukerto",0
1407,155,"Banjaranyar",0
1408,155,"Bumirejo",0
1409,155,"Driyorejo",0
1410,155,"Pamekasan",0
1411,155,"Gadang",0
1412,155,"Singosari",0
1413,155,"Banjar",0
1414,155,"Banjarsari",0
1415,155,"Gunung",0
1416,155,"Bangunsari",0
1417,155,"Bacem",0
1418,155,"Bangkal",0
1419,155,"Bedah",0
1420,155,"Tebas",0
1421,155,"Kutai",0
1422,155,"Caruban",0
1423,155,"Bayeman",0
1424,155,"Mangu",0
1425,155,"Bandung Barat",0
1426,155,"Banjarkemantren",0
1427,155,"Baturetno",0
1428,155,"Wonoasih",0
1429,155,"Jambearum",0
1430,155,"Gubeng",0
1431,155,"Bataan",0
1432,155,"Sumenep",0
1433,155,"Bandulan",0
1434,155,"Senori",0
1435,155,"Bangoan",0
1436,155,"Kadipaten",0
1437,155,"Cumedak",0
1438,155,"Brubuh",0
1439,155,"Alassumur",0
1440,155,"Putat",0
1441,155,"Kanigaran",0
1442,155,"Baratajaya",0
1443,155,"Jambuwer",0
1444,155,"Butun",0
1445,155,"Buluagung",0
1446,155,"Sambikerep",0
1447,155,"Pare",0
1448,155,"Klojen",0
1449,155,"Anggaswangi",0
1450,155,"Genteng",0
1451,155,"Andongrejo",0
1452,155,"Babadan",0
1453,155,"Ampel",0
1454,155,"Balung",0
1455,155,"Kauman",0
1456,155,"Duwet",0
1457,155,"Dringu",0
1458,155,"Kertajaya",0
1459,155,"Dukuh Kupang",0
1460,155,"Keputih",0
1461,155,"Blambangan",0
1462,155,"Bagorejo",0
1463,155,"Beton",0
1464,155,"Gayungan",0
1465,155,"Kebonsari",0
1466,155,"Kebraon",0
1467,155,"Ardirejo",0
1468,155,"Waru",0
1469,155,"Bangkingan",0
1470,155,"Karang",0
1471,155,"Pumpungan",0
1472,155,"Banjarjo",0
1473,155,"Benjor",0
1474,155,"Kapasan",0
1475,155,"Samaan",0
1476,155,"Buring",0
1477,155,"Sukorejo",0
1478,155,"Bajangan",0
1479,155,"Bulusidokare",0
1480,155,"Dalisodo",0
1481,155,"Bagi",0
1482,155,"Dinoyo",0
1483,155,"Baureno",0
1484,155,"Baleturi",0
1485,155,"Bangsal",0
1486,155,"Gelang",0
1487,155,"Kendangsari",0
1488,155,"Purutrejo",0
1489,155,"Madyopuro",0
1490,155,"Bagor",0
1491,155,"Bluru Kidul",0
1492,155,"Tisnonegaran",0
1493,155,"Bangsereh",0
1494,155,"Sukabumi",0
1495,155,"Gebang",0
1496,155,"Krembangan Utara",0
1497,155,"Sukolilo",0
1498,155,"Bendotretek",0
1499,155,"Pulopancikan",0
1500,155,"Wonokromo",0
1501,155,"Kembang",0
1502,155,"Medokan",0
1503,155,"Bajulan",0
1504,155,"Rejomulyo",0
1505,155,"Pucang",0
1506,155,"Sidotopo",0
1507,155,"Balongdowo",0
1508,155,"Brengkok",0
1509,155,"Rungkut Kidul",0
1510,155,"Petahunan",0
1511,155,"Baledono",0
1512,155,"Bulukandang",0
1513,155,"Bulusari",0
1514,155,"Pakunden",0
1515,155,"Bandarejo",0
1516,155,"Ngagelrejo",0
1517,155,"Siwalankerto",0
1518,155,"Puri",0
1519,155,"Darmo",0
1520,155,"Sidoklumpuk",0
1521,155,"Bakalan",0
1522,155,"Pakal",0
1523,155,"Polerejo",0
1524,155,"Patrang",0
1525,155,"Contong",0
1526,155,"Banyubang",0
1527,155,"Blumbang",0
1528,155,"Sidokare",0
1529,155,"Barengkrajan",0
1530,155,"Baderan",0
1531,155,"Lidah Kulon",0
1532,155,"Mojorejo",0
1533,155,"Kebungson",0
1534,155,"Mulyorejo",0
1535,155,"Mojo",0
1536,155,"Mayangan",0
1537,155,"Banggle",0
1538,155,"Sidokumpul",0
1539,155,"Balonggemek",0
1540,155,"Bendosari",0
1541,155,"Bancaran",0
1542,155,"Ketawanggede",0
1543,155,"Bebekan",0
1544,155,"Bawangan",0
1545,155,"Brangol",0
1546,155,"Brangsi",0
1547,155,"Bendo",0
1548,155,"Kasin",0
1549,155,"Babat",0
1550,155,"Beged",0
1551,155,"Randugembolo",0
1552,155,"Jambewangi",0
1553,155,"Balerejo",0
1554,155,"Ploso",0
1555,155,"Mojoroto",0
1556,155,"Berbek",0
1557,155,"Manunggal",0
1558,155,"Banjarejo",0
1559,155,"Petemon",0
1560,155,"Ketintang",0
1561,155,"Lontar",0
1562,155,"Nyamplungan",0
1563,155,"Jenangan",0
1564,155,"Gampeng",0
1565,155,"Bulupitu",0
1566,155,"Kidul",0
1567,155,"Kenjeran",0
1568,155,"Tambaksari",0
1569,155,"Blimbing",0
1570,155,"Sugihan",0
1571,155,"Lawang",0
1572,155,"Dandang",0
1573,155,"Bedilan",0
1574,155,"Mangli",0
1575,155,"Genengan",0
1576,155,"Bajang",0
1577,155,"Balong",0
1578,155,"Sari",0
1579,155,"Sidomoro",0
1580,155,"Mojosari",0
1581,155,"Wates",0
1582,155,"Situbondo",0
1583,155,"Sidayu",0
1584,155,"Pacitan",0
1585,155,"Lumajang",0
1586,155,"Bondowoso",0
1587,155,"Tulungagung",0
1588,155,"Tuban",0
1589,155,"Probolinggo",0
1590,155,"Batu",0
1591,155,"Sidoarjo",0
1592,155,"Selatan",0
1593,155,"Trenggalek",0
1594,155,"Gresik",0
1595,155,"Magetan",0
1596,155,"Pasuruan",0
1597,155,"Madiun",0
1598,155,"Jombang",0
1599,155,"Jember",0
1600,155,"Banyuwangi",0
1601,155,"Kediri",0
1602,155,"Ponorogo",0
1603,155,"Blitar",0
1604,155,"Bojonegoro",0
1605,155,"Nganjuk",0
1606,155,"Bangkalan",0
1607,155,"Malang",0
1608,155,"Lamongan",0
1609,155,"Surabaya",0
1610,155,"Mojokerto",0
1611,156,"Penajam",0
1612,156,"Sangatta",0
1613,156,"Nunukan",0
1614,156,"Klandasan Ulu",0
1615,156,"Satimpo",0
1616,156,"Bontang",0
1617,156,"Tenggarong",0
1618,156,"Samarinda",0
1619,156,"Balikpapan",0
1620,157,"Pohuwato",0
1621,157,"Tilamuta",0
1622,157,"Damai",0
1623,157,"Limboto",0
1624,157,"Gorontalo",0
1625,157,"Limboto",0
1626,158,"Manokwari",0
1627,158,"Manokwari",0
1628,159,"Cikini",0
1629,159,"Pluit",0
1630,159,"Tanjung Priok",0
1631,159,"Senen",0
1632,159,"Kebondjeroek 2",0
1633,159,"Durentiga Satu",0
1634,159,"Kebayoran",0
1635,159,"Poelokambing 1",0
1636,159,"Kebajoran Lama",0
1637,159,"Djakarta",0
1638,159,"Pinggirrawa Barat",0
1639,159,"Pesing 1",0
1640,159,"Tebet",0
1641,159,"Kebayoran Lama",0
1642,159,"Petukangan Utara",0
1643,159,"Dki Jakarta",0
1644,159,"Tanahkodja 1",0
1645,159,"Djatinegara",0
1646,159,"Matraman",0
1647,159,"Permata",0
1648,159,"Tangerangscheweg",0
1649,159,"Pluit",0
1650,159,"Tanjung Priok",0
1651,159,"Senen",0
1652,159,"Kebondjeroek 2",0
1653,159,"Durentiga Satu",0
1654,159,"Kebayoran",0
1655,159,"Poelokambing 1",0
1656,159,"Kebajoran Lama",0
1657,159,"Djakarta",0
1658,159,"Pinggirrawa Barat",0
1659,159,"Pesing 1",0
1660,159,"Tebet",0
1661,159,"Kebayoran Lama",0
1662,159,"Petukangan Utara",0
1663,159,"Dki Jakarta",0
1664,159,"Tanahkodja 1",0
1665,159,"Djatinegara",0
1666,159,"Matraman",0
1667,159,"Permata",0
1668,159,"Tangerangscheweg",0
1669,160,"Kecamatan Muarabulian",0
1670,160,"Sarolangun",0
1671,160,"Bangko",0
1672,160,"Dusunteluk",0
1673,160,"Jambi City",0
1674,160,"Simpang",0
1675,160,"Palmerah",0
1676,160,"Jambi",0
1677,160,"Simpang",0
1678,160,"Palmerah",0
1679,160,"Jambi",0
1680,161,"Tiga Raksa",0
1681,161,"Tipar Timur",0
1682,161,"Parongpong",0
1683,161,"Cijantung Dua",0
1684,161,"Tigaraksa",0
1685,161,"Holis",0
1686,161,"Cimareme",0
1687,161,"Depok Jaya",0
1688,161,"Cikakak",0
1689,161,"Ciawi",0
1690,161,"Bojonggaling",0
1691,161,"Tasikmalaja",0
1692,161,"Cileungsi",0
1693,161,"Rancaekek",0
1694,161,"Banteng",0
1695,161,"Cimanggis",0
1696,161,"Kemang",0
1697,161,"Tangarang",0
1698,161,"Tambun",0
1699,161,"Kabupaten",0
1700,161,"Kawali",0
1701,161,"Cinere",0
1702,161,"Rengasdengklok",0
1703,161,"Perum",0
1704,161,"Sukaresmi",0
1705,161,"Parung",0
1706,161,"Mansyur",0
1707,161,"Lemahabang",0
1708,161,"Depok 2 Tengah",0
1709,161,"Citra",0
1710,161,"Kencana",0
1711,161,"Meruya",0
1712,161,"Gajahmada",0
1713,161,"Test",0
1714,161,"Cikudapateuh",0
1715,161,"Manggadua",0
1716,161,"Tanjungpura",0
1717,161,"Karawaci",0
1718,161,"Paris",0
1719,161,"Bekasi Kota",0
1720,161,"Muara Dua",0
1721,161,"Tangerang",0
1722,161,"Tiga Raksa",0
1723,161,"Tipar Timur",0
1724,161,"Parongpong",0
1725,161,"Cijantung Dua",0
1726,161,"Tigaraksa",0
1727,161,"Holis",0
1728,161,"Cimareme",0
1729,161,"Depok Jaya",0
1730,161,"Cikakak",0
1731,161,"Ciawi",0
1732,161,"Bojonggaling",0
1733,161,"Tasikmalaja",0
1734,161,"Cileungsi",0
1735,161,"Rancaekek",0
1736,161,"Banteng",0
1737,161,"Cimanggis",0
1738,161,"Kemang",0
1739,161,"Tangarang",0
1740,161,"Tambun",0
1741,161,"Kabupaten",0
1742,161,"Kawali",0
1743,161,"Cinere",0
1744,161,"Rengasdengklok",0
1745,161,"Perum",0
1746,161,"Sukaresmi",0
1747,161,"Parung",0
1748,161,"Mansyur",0
1749,161,"Lemahabang",0
1750,161,"Depok 2 Tengah",0
1751,161,"Citra",0
1752,161,"Kencana",0
1753,161,"Meruya",0
1754,161,"Gajahmada",0
1755,161,"Test",0
1756,161,"Cikudapateuh",0
1757,161,"Manggadua",0
1758,161,"Tanjungpura",0
1759,161,"Karawaci",0
1760,161,"Paris",0
1761,161,"Bekasi Kota",0
1762,161,"Muara Dua",0
1763,161,"Tangerang",0
1764,162,"Bumiayu",0
1765,162,"Boja",0
1766,162,"Basung",0
1767,162,"Tayu",0
1768,162,"Kartasura",0
1769,162,"Karangpandan",0
1770,162,"Lingga",0
1771,162,"Parakan",0
1772,162,"Tasikmadu",0
1773,162,"Majenang",0
1774,162,"Purwodadi",0
1775,162,"Dukun",0
1776,162,"Kembaran",0
1777,162,"Garuda",0
1778,162,"Tiro",0
1779,162,"Gajah",0
1780,162,"Tambak",0
1781,162,"Galuh",0
1782,162,"Sibete",0
1783,162,"Prambanan",0
1784,162,"Makmur",0
1785,162,"Serial",0
1786,162,"Colo",0
1787,162,"Mandala",0
1788,162,"Muntilan",0
1789,162,"Mergoyoso",0
1790,162,"Kebalen",0
1791,162,"Sunter",0
1792,162,"Wijaya",0
1793,162,"Sentosa",0
1794,162,"Rembang",0
1795,162,"Godong",0
1796,162,"Colomadu",0
1797,162,"Bumiayu",0
1798,162,"Boja",0
1799,162,"Basung",0
1800,162,"Tayu",0
1801,162,"Kartasura",0
1802,162,"Karangpandan",0
1803,162,"Lingga",0
1804,162,"Parakan",0
1805,162,"Tasikmadu",0
1806,162,"Majenang",0
1807,162,"Purwodadi",0
1808,162,"Dukun",0
1809,162,"Kembaran",0
1810,162,"Garuda",0
1811,162,"Tiro",0
1812,162,"Gajah",0
1813,162,"Tambak",0
1814,162,"Galuh",0
1815,162,"Sibete",0
1816,162,"Prambanan",0
1817,162,"Makmur",0
1818,162,"Serial",0
1819,162,"Colo",0
1820,162,"Mandala",0
1821,162,"Muntilan",0
1822,162,"Mergoyoso",0
1823,162,"Kebalen",0
1824,162,"Sunter",0
1825,162,"Wijaya",0
1826,162,"Sentosa",0
1827,162,"Rembang",0
1828,162,"Godong",0
1829,162,"Colomadu",0
1830,163,"Soerabaya",0
1831,163,"Sentul",0
1832,163,"Kepanjen",0
1833,163,"Surabayan",0
1834,163,"Mojoagung",0
1835,163,"Krian",0
1836,163,"Pasirian",0
1837,163,"Kertosono",0
1838,163,"Gempol",0
1839,163,"Tanah",0
1840,163,"Porong",0
1841,163,"Krajan Empat Gambangan",0
1842,163,"Surabaia",0
1843,163,"Senduro",0
1844,163,"Gowa",0
1845,163,"Pangkalan",0
1846,163,"German",0
1847,163,"Jaya",0
1848,163,"Mojokerep",0
1849,163,"Jetakngasri",0
1850,163,"Berca",0
1851,163,"Dalung",0
1852,163,"Panda�n",0
1853,163,"Kraksaan",0
1854,163,"Rungkut",0
1855,163,"Sampang",0
1856,163,"Sepanjang",0
1857,163,"Kepanjen",0
1858,163,"Surabayan",0
1859,163,"Mojoagung",0
1860,163,"Krian",0
1861,163,"Pasirian",0
1862,163,"Kertosono",0
1863,163,"Gempol",0
1864,163,"Tanah",0
1865,163,"Porong",0
1866,163,"Krajan Empat Gambangan",0
1867,163,"Surabaia",0
1868,163,"Senduro",0
1869,163,"Gowa",0
1870,163,"Pangkalan",0
1871,163,"German",0
1872,163,"Jaya",0
1873,163,"Mojokerep",0
1874,163,"Jetakngasri",0
1875,163,"Berca",0
1876,163,"Dalung",0
1877,163,"Panda�n",0
1878,163,"Kraksaan",0
1879,163,"Rungkut",0
1880,163,"Sampang",0
1881,163,"Sepanjang",0
1882,164,"Sanggau",0
1883,164,"Bengkayang",0
1884,164,"Putussibau",0
1885,164,"Sanggau",0
1886,164,"Bengkayang",0
1887,164,"Putussibau",0
1888,165,"Buntok",0
1889,165,"Barabai",0
1890,165,"Martapura",0
1891,165,"Kotabaru",0
1892,165,"Sungai",0
1893,165,"Buntok",0
1894,165,"Barabai",0
1895,165,"Martapura",0
1896,165,"Kotabaru",0
1897,165,"Sungai",0
1898,166,"Kualakapuas",0
1899,166,"Pangkalanbun",0
1900,166,"Lampung",0
1901,166,"Pangkalanbuun",0
1902,166,"Kualakapuas",0
1903,166,"Pangkalanbun",0
1904,166,"Lampung",0
1905,166,"Pangkalanbuun",0
1906,167,"Sengata",0
1907,167,"Sengata",0
1908,168,"Guntung",0
1909,168,"Mentok",0
1910,168,"Mulia",0
1911,168,"Guntung",0
1912,168,"Mentok",0
1913,168,"Mulia",0
1914,169,"Sekupang",0
1915,169,"Kijang",0
1916,169,"Tanjung Balai Karimun",0
1917,169,"Tulang",0
1918,169,"Sekupang",0
1919,169,"Kijang",0
1920,169,"Tanjung Balai Karimun",0
1921,169,"Tulang",0
1922,170,"Banjarmanis",0
1923,170,"Banjarejo",0
1924,170,"Komering",0
1925,170,"Bandar Lampung",0
1926,170,"Ogan",0
1927,170,"Natar",0
1928,170,"Pringsewu",0
1929,170,"Banding",0
1930,170,"Kenali",0
1931,170,"Panjang",0
1932,170,"Kotabumi",0
1933,170,"Bandarlampung",0
1934,170,"Metro",0
1935,170,"Kotabumi",0
1936,170,"Bandarlampung",0
1937,170,"Metro",0
1938,171,"Ternate",0
1939,171,"Amahusu",0
1940,171,"Timoer",0
1941,171,"Ambon City",0
1942,171,"Langgur",0
1943,171,"Ambon",0
1944,171,"Timur",0
1945,171,"Langgur",0
1946,171,"Ambon",0
1947,171,"Timur",0
1948,172,"Tidore",0
1949,172,"Tidore",0
1950,173,"Dendengan Dalam",0
1951,173,"Tendeki",0
1952,173,"Koya",0
1953,173,"Airmadidi",0
1954,173,"Pineleng",0
1955,173,"Tondano",0
1956,173,"Kiniar",0
1957,173,"Lolak",0
1958,173,"Bitung",0
1959,173,"Wenang Selatan",0
1960,173,"Tikala Ares",0
1961,173,"Bahu",0
1962,173,"Sario",0
1963,173,"Tomohon",0
1964,173,"Manado",0
1965,174,"Balige",0
1966,174,"Batu Silangit",0
1967,174,"Bakaran Batu",0
1968,174,"Naga",0
1969,174,"Sidodadi",0
1970,174,"Gunung Sari",0
1971,174,"Siantar",0
1972,174,"Silaen",0
1973,174,"Huta Mula",0
1974,174,"Glugur Darat",0
1975,174,"Sepinggan",0
1976,174,"Baru",0
1977,174,"Lubuk Pakam Pekan",0
1978,174,"Sukaramai",0
1979,174,"Kampung Lalang",0
1980,174,"Stabat",0
1981,174,"Sidikalang",0
1982,174,"Belawan Satu",0
1983,174,"Sunggal",0
1984,174,"Tapanali",0
1985,174,"Aur",0
1986,174,"Perbaungan",0
1987,174,"Si Borong Borong",0
1988,174,"Berastagi",0
1989,174,"Lumban Dolok",0
1990,174,"Perdagangan",0
1991,174,"Kampung Baru",0
1992,174,"Samosir",0
1993,174,"Simalungun",0
1994,174,"Pematang",0
1995,174,"Nangka",0
1996,174,"Bantan",0
1997,174,"Tanjung Morawa",0
1998,174,"Kampung Dalam",0
1999,174,"Asahan",0
2000,174,"Katupadang",0
2001,174,"Mabar",0
2002,174,"Adiantorop",0
2003,174,"Darat",0
2004,174,"Lubuk Pakam",0
2005,174,"Padang Bulan",0
2006,174,"Alur Cempedak",0
2007,174,"Bukit Tempurung",0
2008,175,"Sumbawa",0
2009,175,"Senggigi",0
2010,175,"Sumbawa",0
2011,175,"Senggigi",0
2012,176,"Soe",0
2013,176,"Tungkal",0
2014,176,"Atambua",0
2015,176,"Waingapu",0
2016,176,"Waikabubak",0
2017,176,"Tungkal",0
2018,176,"Atambua",0
2019,176,"Waingapu",0
2020,176,"Waikabubak",0
2021,177,"Serui",0
2022,177,"Tembagapura",0
2023,177,"Merauke",0
2024,177,"Sentani",0
2025,177,"Koejaboe",0
2026,177,"Wamena",0
2027,177,"Abepura",0
2028,177,"Timika",0
2029,177,"Biak",0
2030,177,"Jayapura",0
2031,177,"Tembagapura",0
2032,177,"Sentani",0
2033,177,"Koejaboe",0
2034,177,"Wamena",0
2035,177,"Abepura",0
2036,177,"Biak",0
2037,178,"Kotaagung",0
2038,178,"Bandar Lampung",0
2039,179,"Siapiapi",0
2040,179,"Karanganunggi",0
2041,179,"Pelalawan",0
2042,179,"Selat Panjang",0
2043,179,"Pandau",0
2044,179,"Siak Sri Indrapura",0
2045,179,"Kulim",0
2046,179,"Tangkerang",0
2047,179,"Bengkalis",0
2048,179,"Mandau",0
2049,179,"Kerinci",0
2050,179,"Bangkinang",0
2051,179,"Kampar",0
2052,179,"Tembilahan",0
2053,179,"Pakanbaru",0
2054,179,"Minas",0
2055,179,"Dumai",0
2056,179,"Pekanbaru",0
2057,179,"Bengkalis",0
2058,179,"Mandau",0
2059,179,"Kerinci",0
2060,179,"Bangkinang",0
2061,179,"Kampar",0
2062,179,"Tembilahan",0
2063,179,"Pakanbaru",0
2064,179,"Minas",0
2065,180,"Sagulung",0
2066,180,"Tanjung Pinang",0
2067,180,"Kijang",0
2068,180,"Tanjungpinang",0
2069,180,"Batam",0
2070,180,"Moro",0
2071,180,"Tengah",0
2072,180,"Patam",0
2073,181,"Muarakual",0
2074,181,"Plaju",0
2075,181,"Sekayu",0
2076,181,"Lahat",0
2077,181,"Prabumulih",0
2078,181,"Baturaja",0
2079,181,"Lubuklinggau",0
2080,181,"Sidareksa",0
2081,181,"Palembang",0
2082,182,"Panasuan",0
2083,182,"Mamasa",0
2084,182,"Panasuan",0
2085,182,"Mamasa",0
2086,183,"Watampone",0
2087,183,"Sungguminasa",0
2088,183,"Pangkajene",0
2089,183,"Boeloerok�ng 1",0
2090,183,"Rantepao",0
2091,183,"Bone",0
2092,183,"Soroako",0
2093,183,"Makasar",0
2094,183,"Watampone",0
2095,183,"Sungguminasa",0
2096,183,"Pangkajene",0
2097,183,"Boeloerok�ng 1",0
2098,183,"Rantepao",0
2099,183,"Bone",0
2100,183,"Soroako",0
2101,183,"Makasar",0
2102,184,"Poso",0
2103,184,"Luwuk",0
2104,184,"Lais",0
2105,184,"Peak",0
2106,184,"Poso",0
2107,184,"Luwuk",0
2108,184,"Lais",0
2109,184,"Peak",0
2110,185,"Muara",0
2111,185,"Tinanggea",0
2112,185,"Wirabuana",0
2113,185,"Indo",0
2114,185,"Mandiri",0
2115,185,"Tinanggea",0
2116,185,"Wirabuana",0
2117,185,"Indo",0
2118,185,"Mandiri",0
2119,186,"Amurang",0
2120,186,"Kotamobagu",0
2121,186,"Airmadidi",0
2122,186,"Tahuna",0
2123,186,"Amurang",0
2124,186,"Kotamobagu",0
2125,186,"Airmadidi",0
2126,186,"Tahuna",0
2127,187,"Sijunjung",0
2128,187,"Sijunjung",0
2129,188,"Pagaralam",0
2130,188,"Lahat",0
2131,188,"Inderalaya",0
2132,188,"Kelapa",0
2133,188,"Besar",0
2134,188,"Pagaralam",0
2135,188,"Lahat",0
2136,188,"Inderalaya",0
2137,188,"Kelapa",0
2138,188,"Besar",0
2139,189,"Sunggal",0
2140,189,"Balige",0
2141,189,"Doloksanggul",0
2142,189,"Tembung",0
2143,189,"Amandamaiblok Dua",0
2144,189,"Tigalingga",0
2145,189,"Porsea",0
2146,189,"Pangururan",0
2147,189,"Pematang",0
2148,189,"Tanjungbalai",0
2149,189,"Berastagi",0
2150,189,"Pasar Minggu",0
2151,189,"Senayan",0
2152,189,"Simatupang",0
2153,189,"Balige",0
2154,189,"Doloksanggul",0
2155,189,"Tembung",0
2156,189,"Amandamaiblok Dua",0
2157,189,"Tigalingga",0
2158,189,"Porsea",0
2159,189,"Pangururan",0
2160,189,"Pematang",0
2161,189,"Tanjungbalai",0
2162,189,"Berastagi",0
2163,189,"Pasar Minggu",0
2164,189,"Senayan",0
2165,189,"Simatupang",0
2166,190,"Ciwidey",0
2167,190,"Ciparay",0
2168,190,"Cibunar",0
2169,190,"Barat",0
2170,190,"Babakankaret",0
2171,190,"Sukakarya",0
2172,190,"Lebak",0
2173,190,"Pedes",0
2174,190,"Karangtawang",0
2175,190,"Cibeber",0
2176,190,"Cihurip",0
2177,190,"Margasari",0
2178,190,"Kencana",0
2179,190,"Cihanyir",0
2180,190,"Tunggilis",0
2181,190,"Pasir",0
2182,190,"Balongan",0
2183,190,"Cipadung",0
2184,190,"Bongas",0
2185,190,"Cimanganten",0
2186,190,"Cinunuk",0
2187,190,"Gegerbitung",0
2188,190,"Bulak",0
2189,190,"Cigintung",0
2190,190,"Cemplang",0
2191,190,"Bencoy",0
2192,190,"Depok Dua Tengah",0
2193,190,"Cimanggis",0
2194,190,"Jatikarya",0
2195,190,"Cipanas",0
2196,190,"Sempur Satu",0
2197,190,"Bangbayang",0
2198,190,"Batujajar",0
2199,190,"Cibeureum",0
2200,190,"Banyusari",0
2201,190,"Depok Jaya",0
2202,190,"Situsaeur",0
2203,190,"Arjawinangun",0
2204,190,"Curug",0
2205,190,"Rahayu",0
2206,190,"Bantar",0
2207,190,"Cihaurbeuti",0
2208,190,"Bojonglarang",0
2209,190,"Awilarangan",0
2210,190,"Arjasari",0
2211,190,"Banjaranyar",0
2212,190,"Karanganyar",0
2213,190,"Balongsari",0
2214,190,"Cibaregbeg",0
2215,190,"Cilendek Barat",0
2216,190,"Pedungan",0
2217,190,"Dukuhjati",0
2218,190,"Babakan Peuteuy",0
2219,190,"Lemahwungkuk",0
2220,190,"Adimulya",0
2221,190,"Bojongsari",0
2222,190,"Kemang",0
2223,190,"Babakancaringin",0
2224,190,"Ciluar",0
2225,190,"Legok",0
2226,190,"Baranangsiang",0
2227,190,"Karangmekar",0
2228,190,"Balokang",0
2229,190,"Argasari",0
2230,190,"Bangodua",0
2231,190,"Gedong",0
2232,190,"Ciketing-udik",0
2233,190,"Baros",0
2234,190,"Sindangkasih",0
2235,190,"Mangunreja",0
2236,190,"Cinere",0
2237,190,"Cilangkara",0
2238,190,"Wates",0
2239,190,"Lemahabang",0
2240,190,"Cibuluh",0
2241,190,"Barusuda",0
2242,190,"Agung",0
2243,190,"Karasak",0
2244,190,"Bunijaya",0
2245,190,"Ciater",0
2246,190,"Mulya",0
2247,190,"Kunciran",0
2248,190,"Empang",0
2249,190,"Padasuka",0
2250,190,"Utama",0
2251,190,"Kedunghalang",0
2252,190,"Cigadog",0
2253,190,"Gambarsari",0
2254,190,"Mamengger",0
2255,190,"Cihaur",0
2256,190,"Cigending",0
2257,190,"Kidul",0
2258,190,"Karawaci",0
2259,190,"Gandul",0
2260,190,"Cipondoh",0
2261,190,"Banyuasih",0
2262,190,"Cibodas",0
2263,190,"Balekambang",0
2264,190,"Menteng",0
2265,190,"Pekayon",0
2266,190,"Bangunsari",0
2267,190,"Sawangan",0
2268,190,"Bojongloa",0
2269,190,"Cibitung",0
2270,190,"Cihampelas",0
2271,190,"Baru",0
2272,190,"Lembang",0
2273,190,"Purworejo",0
2274,190,"Bojong",0
2275,190,"Pamulang Barat",0
2276,190,"Ciateul",0
2277,190,"Cibiru",0
2278,190,"Pamanukan",0
2279,190,"Bendul",0
2280,190,"Cipageran",0
2281,190,"Jatibening",0
2282,190,"Batulawang",0
2283,190,"Krukut",0
2284,190,"Sindangrasa",0
2285,190,"Bongkok Hilir",0
2286,190,"Banjarsari",0
2287,190,"Pedurenan",0
2288,190,"Babakan Ciparay",0
2289,190,"Cindogo",0
2290,190,"Pamekaran",0
2291,190,"Karedok",0
2292,190,"Ciporeat",0
2293,190,"Leuwigajah",0
2294,190,"Gandasari",0
2295,190,"Pulogadung",0
2296,190,"Balaraja",0
2297,190,"Gondrong Satu",0
2298,190,"Sindanglaya",0
2299,190,"Belendung",0
2300,190,"Katulampa",0
2301,190,"Pabuaran",0
2302,190,"Ciangsana",0
2303,190,"Benteng",0
2304,190,"Jati",0
2305,190,"Jatirasa",0
2306,190,"Cipamokolan",0
2307,190,"Citeureup",0
2308,190,"Keranji",0
2309,190,"Ilir",0
2310,190,"Barengkok",0
2311,190,"Cibinong",0
2312,190,"Jatiasih",0
2313,190,"Pajajaran",0
2314,190,"Ciseureuh",0
2315,190,"Meruga",0
2316,190,"Cigugur",0
2317,190,"Babelan",0
2318,190,"Cicadas",0
2319,190,"Jatimulya",0
2320,190,"Gandaria-utara",0
2321,190,"Barusari",0
2322,190,"Gaga",0
2323,190,"Cihanjuang",0
2324,190,"Sukawarna",0
2325,190,"Margahayukencana",0
2326,190,"Cikoneng",0
2327,190,"Bojongkalong",0
2328,190,"Banjarangsana",0
2329,190,"Rawalumbu Tengah",0
2330,190,"Cempaka",0
2331,190,"Kukusan",0
2332,190,"Paninggilan",0
2333,190,"Tangsel",0
2334,190,"Suradita",0
2335,190,"Hegarmanah",0
2336,190,"Karangligar",0
2337,190,"Munjuljaya",0
2338,190,"Depok Dua",0
2339,190,"Jelupang",0
2340,190,"Cihapit",0
2341,190,"Cikawao",0
2342,190,"Jatimakmur",0
2343,190,"Melong",0
2344,190,"Bagjasari",0
2345,190,"Tajur",0
2346,190,"Cibeuti",0
2347,190,"Babakanmulya",0
2348,190,"Binong",0
2349,190,"Nagarasari",0
2350,190,"Bojongasih",0
2351,190,"Cisalak Pasar",0
2352,190,"Cibogor",0
2353,190,"Gunungbatu",0
2354,190,"Cigugur Tengah",0
2355,190,"Benjot",0
2356,190,"Ledeng",0
2357,190,"Dawagung",0
2358,190,"Citayam",0
2359,190,"Cisarua",0
2360,190,"Cirangrang",0
2361,190,"Kebon",0
2362,190,"Cijambu",0
2363,190,"Cisait",0
2364,190,"Harapan",0
2365,190,"Tamansari",0
2366,190,"Antapani",0
2367,190,"Soklat",0
2368,190,"Sukaasih",0
2369,190,"Bantarkalong",0
2370,190,"Cipedes",0
2371,190,"Pucung",0
2372,190,"Anggrawati",0
2373,190,"Pasirlayung",0
2374,190,"Bintara",0
2375,190,"Awipari Tengah",0
2376,190,"Dago Tengah",0
2377,190,"Cimurah",0
2378,190,"Cigondewah",0
2379,190,"Andir",0
2380,190,"Cibabat",0
2381,190,"Kebonwaru",0
2382,190,"Mekarjaya",0
2383,190,"Bantarsari",0
2384,190,"Setiamanah",0
2385,190,"Selabatu",0
2386,190,"Cikadu",0
2387,190,"Cantayan",0
2388,190,"Buniwangi",0
2389,190,"Caringin",0
2390,190,"Pengasinan",0
2391,190,"Sekeloa",0
2392,190,"Panyindangan",0
2393,190,"Kayuringin",0
2394,190,"Bojongkunci",0
2395,190,"Batununggal",0
2396,190,"Adiarsa",0
2397,190,"Babakan Sari",0
2398,190,"Jatisari",0
2399,190,"Palasari",0
2400,190,"Sukamaju",0
2401,190,"Cileungsir",0
2402,190,"Cisaranten Kulon",0
2403,190,"Ciapus",0
2404,190,"Kalijaga",0
2405,190,"Babakan",0
2406,190,"Cibuntu",0
2407,190,"Jagasatru",0
2408,190,"Baturagung",0
2409,190,"Cijerah",0
2410,190,"Panyingkiran",0
2411,190,"Mester",0
2412,190,"Cibadak",0
2413,190,"Manjahlega",0
2414,190,"Kangkung",0
2415,190,"Neglasari",0
2416,190,"Cangkring",0
2417,190,"Babakanjati",0
2418,190,"Ambit",0
2419,190,"Cigadung",0
2420,190,"Compreng",0
2421,190,"Jamika",0
2422,190,"Cipadu",0
2423,190,"Cikedokan",0
2424,190,"Cibangkong",0
2425,190,"Pakulonan Barat",0
2426,190,"Biru",0
2427,190,"Cibalung",0
2428,190,"Mail",0
2429,190,"Cikampek",0
2430,190,"Cilegon",0
2431,190,"Jonggol",0
2432,190,"Pamulang",0
2433,190,"Banjar",0
2434,190,"Subang",0
2435,190,"Indramayu",0
2436,190,"Ciputat",0
2437,190,"Majalengka",0
2438,190,"Serang",0
2439,190,"Sukabumi",0
2440,190,"Sumedang",0
2441,190,"Purwakarta",0
2442,190,"Ngawi",0
2443,190,"Cimahi",0
2444,190,"Padalarang",0
2445,190,"Karawang",0
2446,190,"Garut",0
2447,190,"Cikarang",0
2448,190,"Serpong",0
2449,190,"Ciamis",0
2450,190,"Cianjur",0
2451,190,"Bekasi",0
2452,190,"Cirebon",0
2453,190,"Sangereng",0
2454,190,"Tasikmalaya",0
2455,190,"Kuningan",0
2456,190,"Bogor",0
2457,190,"Depok",0
2458,190,"Bandung",0
2459,191,"Kubu",0
2460,191,"Sambas",0
2461,191,"Ngabang",0
2462,191,"Panjang",0
2463,191,"Bengkayang",0
2464,191,"Mempawah",0
2465,191,"Pemangkat",0
2466,191,"Sintang",0
2467,191,"Limbung",0
2468,191,"Balai",0
2469,191,"Singkawang",0
2470,191,"Pontianak",0
2471,192,"Notoprajan",0
2472,192,"Bener",0
2473,192,"Warungboto",0
2474,192,"Depok",0
2475,192,"Terban",0
2476,192,"Bendung",0
2477,192,"Beji",0
2478,192,"Sidoagung",0
2479,192,"Sorosutan",0
2480,192,"Kepek",0
2481,192,"Tahunan",0
2482,192,"Panggung",0
2483,192,"Patehan",0
2484,192,"Canden",0
2485,192,"Wonosari",0
2486,192,"Wirokerten",0
2487,192,"Karangsari",0
2488,192,"Bimo",0
2489,192,"Prenggan",0
2490,192,"Demangan",0
2491,192,"Gedongkiwo",0
2492,192,"Patangpuluhan",0
2493,192,"Playen Dua",0
2494,192,"Dlingo",0
2495,192,"Banaran",0
2496,192,"Condong",0
2497,192,"Giripurwo",0
2498,192,"Prawirodirjan",0
2499,192,"Panjangrejo",0
2500,192,"Pandeyan",0
2501,192,"Klitren Lor",0
2502,192,"Wirobrajan",0
2503,192,"Rejowinangun",0
2504,192,"Caturtunggal",0
2505,192,"Ambarketawang",0
2506,192,"Bantul",0
2507,192,"Mlati",0
2508,192,"Kasihan",0
2509,192,"Sorowajan",0
2510,192,"Kojo",0
2511,192,"Jogyakarta",0
2512,192,"Imogiri",0
2513,192,"Jogjakarta",0
2514,192,"Yogyakarta",0
2515,192,"Sleman",0
2516,192,"Caturtunggal",0
2517,192,"Ambarketawang",0
2518,192,"Mlati",0
2519,192,"Kasihan",0
2520,192,"Sorowajan",0
2521,192,"Kojo",0
2522,192,"Jogyakarta",0
2523,192,"Imogiri",0
2524,192,"Jogjakarta",0
2525,193,"Mimika",0
2526,194,"Kaliwungu",0
2527,195,"Patokan",0
2528,196,"Bangsri",0
2529,197,"Rambai",0
2530,198,"Semanan",0
2531,199,"Manggar Besar",0
2532,200,"Kesiman",0
2533,201,"Mengwi",0
2534,202,"Pasirkaliki",0
2535,203,"Jogotrunan",0
2536,204,"Bombong",0
2537,205,"Bumiayu",0
2538,206,"Ciwalen",0
2539,207,"Tanjung",0
2540,208,"Adiantorop",0
2541,209,"Pekan",0
2542,210,"Timur",0
2543,211,"Buntok",0
2544,212,"Batu",0
2545,213,"Aren",0
2546,214,"Baubau",0
